--
-- PostgreSQL database dump
--

-- Dumped from database version 16.2 (Postgres.app)
-- Dumped by pg_dump version 16.3 (Homebrew)

SET statement_timeout = 0;
SET lock_timeout = 0;
SET idle_in_transaction_session_timeout = 0;
SET client_encoding = 'UTF8';
SET standard_conforming_strings = on;
SELECT pg_catalog.set_config('search_path', '', false);
SET check_function_bodies = false;
SET xmloption = content;
SET client_min_messages = warning;
SET row_security = off;

SET default_tablespace = '';

SET default_table_access_method = heap;

--
-- Name: auth_group; Type: TABLE; Schema: public; Owner: nikitabondar
--

CREATE TABLE public.auth_group (
    id integer NOT NULL,
    name character varying(150) NOT NULL
);


ALTER TABLE public.auth_group OWNER TO nikitabondar;

--
-- Name: auth_group_id_seq; Type: SEQUENCE; Schema: public; Owner: nikitabondar
--

ALTER TABLE public.auth_group ALTER COLUMN id ADD GENERATED BY DEFAULT AS IDENTITY (
    SEQUENCE NAME public.auth_group_id_seq
    START WITH 1
    INCREMENT BY 1
    NO MINVALUE
    NO MAXVALUE
    CACHE 1
);


--
-- Name: auth_group_permissions; Type: TABLE; Schema: public; Owner: nikitabondar
--

CREATE TABLE public.auth_group_permissions (
    id bigint NOT NULL,
    group_id integer NOT NULL,
    permission_id integer NOT NULL
);


ALTER TABLE public.auth_group_permissions OWNER TO nikitabondar;

--
-- Name: auth_group_permissions_id_seq; Type: SEQUENCE; Schema: public; Owner: nikitabondar
--

ALTER TABLE public.auth_group_permissions ALTER COLUMN id ADD GENERATED BY DEFAULT AS IDENTITY (
    SEQUENCE NAME public.auth_group_permissions_id_seq
    START WITH 1
    INCREMENT BY 1
    NO MINVALUE
    NO MAXVALUE
    CACHE 1
);


--
-- Name: auth_permission; Type: TABLE; Schema: public; Owner: nikitabondar
--

CREATE TABLE public.auth_permission (
    id integer NOT NULL,
    name character varying(255) NOT NULL,
    content_type_id integer NOT NULL,
    codename character varying(100) NOT NULL
);


ALTER TABLE public.auth_permission OWNER TO nikitabondar;

--
-- Name: auth_permission_id_seq; Type: SEQUENCE; Schema: public; Owner: nikitabondar
--

ALTER TABLE public.auth_permission ALTER COLUMN id ADD GENERATED BY DEFAULT AS IDENTITY (
    SEQUENCE NAME public.auth_permission_id_seq
    START WITH 1
    INCREMENT BY 1
    NO MINVALUE
    NO MAXVALUE
    CACHE 1
);


--
-- Name: django_admin_log; Type: TABLE; Schema: public; Owner: nikitabondar
--

CREATE TABLE public.django_admin_log (
    id integer NOT NULL,
    action_time timestamp with time zone NOT NULL,
    object_id text,
    object_repr character varying(200) NOT NULL,
    action_flag smallint NOT NULL,
    change_message text NOT NULL,
    content_type_id integer,
    user_id bigint NOT NULL,
    CONSTRAINT django_admin_log_action_flag_check CHECK ((action_flag >= 0))
);


ALTER TABLE public.django_admin_log OWNER TO nikitabondar;

--
-- Name: django_admin_log_id_seq; Type: SEQUENCE; Schema: public; Owner: nikitabondar
--

ALTER TABLE public.django_admin_log ALTER COLUMN id ADD GENERATED BY DEFAULT AS IDENTITY (
    SEQUENCE NAME public.django_admin_log_id_seq
    START WITH 1
    INCREMENT BY 1
    NO MINVALUE
    NO MAXVALUE
    CACHE 1
);


--
-- Name: django_apscheduler_djangojob; Type: TABLE; Schema: public; Owner: nikitabondar
--

CREATE TABLE public.django_apscheduler_djangojob (
    id character varying(255) NOT NULL,
    next_run_time timestamp with time zone,
    job_state bytea NOT NULL
);


ALTER TABLE public.django_apscheduler_djangojob OWNER TO nikitabondar;

--
-- Name: django_apscheduler_djangojobexecution; Type: TABLE; Schema: public; Owner: nikitabondar
--

CREATE TABLE public.django_apscheduler_djangojobexecution (
    id bigint NOT NULL,
    status character varying(50) NOT NULL,
    run_time timestamp with time zone NOT NULL,
    duration numeric(15,2),
    finished numeric(15,2),
    exception character varying(1000),
    traceback text,
    job_id character varying(255) NOT NULL
);


ALTER TABLE public.django_apscheduler_djangojobexecution OWNER TO nikitabondar;

--
-- Name: django_apscheduler_djangojobexecution_id_seq; Type: SEQUENCE; Schema: public; Owner: nikitabondar
--

ALTER TABLE public.django_apscheduler_djangojobexecution ALTER COLUMN id ADD GENERATED BY DEFAULT AS IDENTITY (
    SEQUENCE NAME public.django_apscheduler_djangojobexecution_id_seq
    START WITH 1
    INCREMENT BY 1
    NO MINVALUE
    NO MAXVALUE
    CACHE 1
);


--
-- Name: django_content_type; Type: TABLE; Schema: public; Owner: nikitabondar
--

CREATE TABLE public.django_content_type (
    id integer NOT NULL,
    app_label character varying(100) NOT NULL,
    model character varying(100) NOT NULL
);


ALTER TABLE public.django_content_type OWNER TO nikitabondar;

--
-- Name: django_content_type_id_seq; Type: SEQUENCE; Schema: public; Owner: nikitabondar
--

ALTER TABLE public.django_content_type ALTER COLUMN id ADD GENERATED BY DEFAULT AS IDENTITY (
    SEQUENCE NAME public.django_content_type_id_seq
    START WITH 1
    INCREMENT BY 1
    NO MINVALUE
    NO MAXVALUE
    CACHE 1
);


--
-- Name: django_migrations; Type: TABLE; Schema: public; Owner: nikitabondar
--

CREATE TABLE public.django_migrations (
    id bigint NOT NULL,
    app character varying(255) NOT NULL,
    name character varying(255) NOT NULL,
    applied timestamp with time zone NOT NULL
);


ALTER TABLE public.django_migrations OWNER TO nikitabondar;

--
-- Name: django_migrations_id_seq; Type: SEQUENCE; Schema: public; Owner: nikitabondar
--

ALTER TABLE public.django_migrations ALTER COLUMN id ADD GENERATED BY DEFAULT AS IDENTITY (
    SEQUENCE NAME public.django_migrations_id_seq
    START WITH 1
    INCREMENT BY 1
    NO MINVALUE
    NO MAXVALUE
    CACHE 1
);


--
-- Name: django_session; Type: TABLE; Schema: public; Owner: nikitabondar
--

CREATE TABLE public.django_session (
    session_key character varying(40) NOT NULL,
    session_data text NOT NULL,
    expire_date timestamp with time zone NOT NULL
);


ALTER TABLE public.django_session OWNER TO nikitabondar;

--
-- Name: locations_location; Type: TABLE; Schema: public; Owner: nikitabondar
--

CREATE TABLE public.locations_location (
    id integer NOT NULL,
    name character varying(100) NOT NULL,
    description text NOT NULL,
    country character varying(100) NOT NULL,
    city character varying(100) NOT NULL,
    created_date date NOT NULL,
    location_type_id integer NOT NULL,
    user_id bigint NOT NULL
);


ALTER TABLE public.locations_location OWNER TO nikitabondar;

--
-- Name: locations_location_id_seq; Type: SEQUENCE; Schema: public; Owner: nikitabondar
--

ALTER TABLE public.locations_location ALTER COLUMN id ADD GENERATED BY DEFAULT AS IDENTITY (
    SEQUENCE NAME public.locations_location_id_seq
    START WITH 1
    INCREMENT BY 1
    NO MINVALUE
    NO MAXVALUE
    CACHE 1
);


--
-- Name: locations_locationtype; Type: TABLE; Schema: public; Owner: nikitabondar
--

CREATE TABLE public.locations_locationtype (
    id integer NOT NULL,
    name character varying(100) NOT NULL,
    image character varying(100) NOT NULL
);


ALTER TABLE public.locations_locationtype OWNER TO nikitabondar;

--
-- Name: locations_locationtype_id_seq; Type: SEQUENCE; Schema: public; Owner: nikitabondar
--

ALTER TABLE public.locations_locationtype ALTER COLUMN id ADD GENERATED BY DEFAULT AS IDENTITY (
    SEQUENCE NAME public.locations_locationtype_id_seq
    START WITH 1
    INCREMENT BY 1
    NO MINVALUE
    NO MAXVALUE
    CACHE 1
);


--
-- Name: locations_monitoringdata; Type: TABLE; Schema: public; Owner: nikitabondar
--

CREATE TABLE public.locations_monitoringdata (
    id integer NOT NULL,
    value double precision NOT NULL,
    update_time timestamp with time zone NOT NULL,
    location_id integer NOT NULL,
    parameter_id integer NOT NULL
);


ALTER TABLE public.locations_monitoringdata OWNER TO nikitabondar;

--
-- Name: locations_monitoringdata_id_seq; Type: SEQUENCE; Schema: public; Owner: nikitabondar
--

ALTER TABLE public.locations_monitoringdata ALTER COLUMN id ADD GENERATED BY DEFAULT AS IDENTITY (
    SEQUENCE NAME public.locations_monitoringdata_id_seq
    START WITH 1
    INCREMENT BY 1
    NO MINVALUE
    NO MAXVALUE
    CACHE 1
);


--
-- Name: locations_notification; Type: TABLE; Schema: public; Owner: nikitabondar
--

CREATE TABLE public.locations_notification (
    id integer NOT NULL,
    content text NOT NULL,
    created_date timestamp with time zone NOT NULL,
    location_id integer NOT NULL
);


ALTER TABLE public.locations_notification OWNER TO nikitabondar;

--
-- Name: locations_notification_id_seq; Type: SEQUENCE; Schema: public; Owner: nikitabondar
--

ALTER TABLE public.locations_notification ALTER COLUMN id ADD GENERATED BY DEFAULT AS IDENTITY (
    SEQUENCE NAME public.locations_notification_id_seq
    START WITH 1
    INCREMENT BY 1
    NO MINVALUE
    NO MAXVALUE
    CACHE 1
);


--
-- Name: locations_parameter; Type: TABLE; Schema: public; Owner: nikitabondar
--

CREATE TABLE public.locations_parameter (
    id integer NOT NULL,
    min_value double precision NOT NULL,
    max_value double precision NOT NULL,
    unit character varying(50) NOT NULL,
    weight double precision NOT NULL,
    parameter_name character varying(100) NOT NULL
);


ALTER TABLE public.locations_parameter OWNER TO nikitabondar;

--
-- Name: locations_parameter_id_seq; Type: SEQUENCE; Schema: public; Owner: nikitabondar
--

ALTER TABLE public.locations_parameter ALTER COLUMN id ADD GENERATED BY DEFAULT AS IDENTITY (
    SEQUENCE NAME public.locations_parameter_id_seq
    START WITH 1
    INCREMENT BY 1
    NO MINVALUE
    NO MAXVALUE
    CACHE 1
);


--
-- Name: users_user; Type: TABLE; Schema: public; Owner: nikitabondar
--

CREATE TABLE public.users_user (
    id bigint NOT NULL,
    password character varying(128) NOT NULL,
    last_login timestamp with time zone,
    is_superuser boolean NOT NULL,
    username character varying(150) NOT NULL,
    first_name character varying(150) NOT NULL,
    last_name character varying(150) NOT NULL,
    email character varying(254) NOT NULL,
    is_staff boolean NOT NULL,
    is_active boolean NOT NULL,
    date_joined timestamp with time zone NOT NULL,
    gender character varying(20),
    birth_date date,
    all_payment_keys character varying(100)[],
    payment_key character varying(100)
);


ALTER TABLE public.users_user OWNER TO nikitabondar;

--
-- Name: users_user_groups; Type: TABLE; Schema: public; Owner: nikitabondar
--

CREATE TABLE public.users_user_groups (
    id bigint NOT NULL,
    user_id bigint NOT NULL,
    group_id integer NOT NULL
);


ALTER TABLE public.users_user_groups OWNER TO nikitabondar;

--
-- Name: users_user_groups_id_seq; Type: SEQUENCE; Schema: public; Owner: nikitabondar
--

ALTER TABLE public.users_user_groups ALTER COLUMN id ADD GENERATED BY DEFAULT AS IDENTITY (
    SEQUENCE NAME public.users_user_groups_id_seq
    START WITH 1
    INCREMENT BY 1
    NO MINVALUE
    NO MAXVALUE
    CACHE 1
);


--
-- Name: users_user_id_seq; Type: SEQUENCE; Schema: public; Owner: nikitabondar
--

ALTER TABLE public.users_user ALTER COLUMN id ADD GENERATED BY DEFAULT AS IDENTITY (
    SEQUENCE NAME public.users_user_id_seq
    START WITH 1
    INCREMENT BY 1
    NO MINVALUE
    NO MAXVALUE
    CACHE 1
);


--
-- Name: users_user_user_permissions; Type: TABLE; Schema: public; Owner: nikitabondar
--

CREATE TABLE public.users_user_user_permissions (
    id bigint NOT NULL,
    user_id bigint NOT NULL,
    permission_id integer NOT NULL
);


ALTER TABLE public.users_user_user_permissions OWNER TO nikitabondar;

--
-- Name: users_user_user_permissions_id_seq; Type: SEQUENCE; Schema: public; Owner: nikitabondar
--

ALTER TABLE public.users_user_user_permissions ALTER COLUMN id ADD GENERATED BY DEFAULT AS IDENTITY (
    SEQUENCE NAME public.users_user_user_permissions_id_seq
    START WITH 1
    INCREMENT BY 1
    NO MINVALUE
    NO MAXVALUE
    CACHE 1
);


--
-- Data for Name: auth_group; Type: TABLE DATA; Schema: public; Owner: nikitabondar
--

COPY public.auth_group (id, name) FROM stdin;
\.


--
-- Data for Name: auth_group_permissions; Type: TABLE DATA; Schema: public; Owner: nikitabondar
--

COPY public.auth_group_permissions (id, group_id, permission_id) FROM stdin;
\.


--
-- Data for Name: auth_permission; Type: TABLE DATA; Schema: public; Owner: nikitabondar
--

COPY public.auth_permission (id, name, content_type_id, codename) FROM stdin;
1	Can add log entry	1	add_logentry
2	Can change log entry	1	change_logentry
3	Can delete log entry	1	delete_logentry
4	Can view log entry	1	view_logentry
5	Can add permission	2	add_permission
6	Can change permission	2	change_permission
7	Can delete permission	2	delete_permission
8	Can view permission	2	view_permission
9	Can add group	3	add_group
10	Can change group	3	change_group
11	Can delete group	3	delete_group
12	Can view group	3	view_group
13	Can add content type	4	add_contenttype
14	Can change content type	4	change_contenttype
15	Can delete content type	4	delete_contenttype
16	Can view content type	4	view_contenttype
17	Can add session	5	add_session
18	Can change session	5	change_session
19	Can delete session	5	delete_session
20	Can view session	5	view_session
21	Can add user	6	add_user
22	Can change user	6	change_user
23	Can delete user	6	delete_user
24	Can view user	6	view_user
25	Can add location	7	add_location
26	Can change location	7	change_location
27	Can delete location	7	delete_location
28	Can view location	7	view_location
29	Can add monitoring data	8	add_monitoringdata
30	Can change monitoring data	8	change_monitoringdata
31	Can delete monitoring data	8	delete_monitoringdata
32	Can view monitoring data	8	view_monitoringdata
33	Can add parameter	9	add_parameter
34	Can change parameter	9	change_parameter
35	Can delete parameter	9	delete_parameter
36	Can view parameter	9	view_parameter
37	Can add location type	10	add_locationtype
38	Can change location type	10	change_locationtype
39	Can delete location type	10	delete_locationtype
40	Can view location type	10	view_locationtype
41	Can add django job	11	add_djangojob
42	Can change django job	11	change_djangojob
43	Can delete django job	11	delete_djangojob
44	Can view django job	11	view_djangojob
45	Can add django job execution	12	add_djangojobexecution
46	Can change django job execution	12	change_djangojobexecution
47	Can delete django job execution	12	delete_djangojobexecution
48	Can view django job execution	12	view_djangojobexecution
49	Can add notification	13	add_notification
50	Can change notification	13	change_notification
51	Can delete notification	13	delete_notification
52	Can view notification	13	view_notification
\.


--
-- Data for Name: django_admin_log; Type: TABLE DATA; Schema: public; Owner: nikitabondar
--

COPY public.django_admin_log (id, action_time, object_id, object_repr, action_flag, change_message, content_type_id, user_id) FROM stdin;
1	2024-05-09 14:04:49.563059+03	1	nik	2	[{"changed": {"fields": ["First name", "Last name", "Email address", "Birth date"]}}]	6	1
2	2024-05-13 16:39:35.32511+03	1	Parameter 1	1	[{"added": {}}]	9	1
3	2024-05-13 16:41:58.243975+03	2	Parameter 2	1	[{"added": {}}]	9	1
4	2024-05-13 16:44:27.263618+03	3	Parameter CO	1	[{"added": {}}]	9	1
5	2024-05-13 16:50:02.109391+03	4	Parameter O3	1	[{"added": {}}]	9	1
6	2024-05-13 16:51:53.709433+03	5	Parameter NO2	1	[{"added": {}}]	9	1
7	2024-05-13 16:52:50.658016+03	6	Parameter SO2	1	[{"added": {}}]	9	1
8	2024-05-13 16:54:28.799424+03	1	bedroom	1	[{"added": {}}]	10	1
9	2024-05-13 16:55:35.073647+03	2	living room	1	[{"added": {}}]	10	1
10	2024-05-13 16:56:08.501676+03	3	kitchen	1	[{"added": {}}]	10	1
11	2024-05-13 16:56:50.939095+03	4	bathroom	1	[{"added": {}}]	10	1
12	2024-05-13 16:57:32.495737+03	5	garden	1	[{"added": {}}]	10	1
13	2024-05-13 17:08:04.652955+03	1	myroom	1	[{"added": {}}]	7	1
14	2024-05-13 17:09:46.153119+03	2	Gostinnay owner bona228	1	[{"added": {}}]	7	1
15	2024-05-13 17:10:12.616812+03	1	Monitoring Data for myroom - Parameter 1	1	[{"added": {}}]	8	1
16	2024-05-13 17:12:23.228688+03	2	Monitoring Data for Gostinnay - Parameter PM2.5	1	[{"added": {}}]	8	1
17	2024-05-28 13:37:25.405245+03	3	bona228	2	[{"changed": {"fields": ["Staff status"]}}]	6	1
18	2024-05-28 13:47:29.120787+03	2	bondar111	2	[{"changed": {"fields": ["Staff status"]}}]	6	1
19	2024-05-29 15:58:01.363+03	3	Monitoring Data for аоаоао - Parameter PM2.5	1	[{"added": {}}]	8	2
20	2024-05-29 15:58:12.016796+03	4	Monitoring Data for аоаоао - Parameter CO	1	[{"added": {}}]	8	2
21	2024-05-29 15:58:21.428273+03	5	Monitoring Data for аоаоао - Parameter O3	1	[{"added": {}}]	8	2
22	2024-05-29 15:59:39.75387+03	6	Monitoring Data for аоаоао - Parameter PM10	1	[{"added": {}}]	8	2
23	2024-05-29 16:00:08.237673+03	7	Monitoring Data for аоаоао - Parameter NO2	1	[{"added": {}}]	8	2
24	2024-05-29 16:00:16.737525+03	8	Monitoring Data for аоаоао - Parameter SO2	1	[{"added": {}}]	8	2
25	2024-07-17 18:10:18.565315+03	11	Monitoring Data for My location - Parameter PM10	1	[{"added": {}}]	8	1
26	2024-07-17 18:10:28.967461+03	12	Monitoring Data for My location - Parameter PM2.5	1	[{"added": {}}]	8	1
27	2024-07-17 18:10:38.90605+03	13	Monitoring Data for My location - Parameter CO	1	[{"added": {}}]	8	1
28	2024-07-17 18:10:47.386695+03	14	Monitoring Data for My location - Parameter O3	1	[{"added": {}}]	8	1
29	2024-07-17 18:10:56.932658+03	15	Monitoring Data for My location - Parameter NO2	1	[{"added": {}}]	8	1
30	2024-07-17 18:11:08.349304+03	16	Monitoring Data for My location - Parameter SO2	1	[{"added": {}}]	8	1
31	2024-08-06 15:44:46.319942+03	1	Notification for My 2 location on 2024-08-06 12:44:46.317562+00:00	1	[{"added": {}}]	13	1
32	2024-08-06 16:11:31.546704+03	2	Notification for аоаоао on 2024-08-06 13:11:31.544738+00:00	1	[{"added": {}}]	13	1
33	2024-08-06 16:11:39.72862+03	3	Notification for Updated3 on 2024-08-06 13:11:39.727421+00:00	1	[{"added": {}}]	13	1
34	2024-08-06 22:07:48.006884+03	4	Notification for My 2 location on 2024-08-06 19:07:48.004243+00:00	1	[{"added": {}}]	13	1
35	2024-08-07 15:37:56.139515+03	5	Notification for My 2 location on 2024-08-07 12:37:56.137453+00:00	1	[{"added": {}}]	13	1
36	2024-08-07 15:38:02.593959+03	6	Notification for Third on 2024-08-07 12:38:02.593280+00:00	1	[{"added": {}}]	13	1
37	2024-08-07 15:38:08.772104+03	7	Notification for My 2 location on 2024-08-07 12:38:08.770794+00:00	1	[{"added": {}}]	13	1
38	2024-08-07 15:39:06.406752+03	8	Notification for Updated3 on 2024-08-07 12:39:06.405388+00:00	1	[{"added": {}}]	13	1
39	2024-08-07 15:39:11.064722+03	9	Notification for Third on 2024-08-07 12:39:11.063310+00:00	1	[{"added": {}}]	13	1
40	2024-08-07 15:39:16.549281+03	10	Notification for My 2 location on 2024-08-07 12:39:16.548179+00:00	1	[{"added": {}}]	13	1
41	2024-08-07 15:44:12.076249+03	11	Notification for My 2 location on 2024-08-07 12:44:12.075257+00:00	1	[{"added": {}}]	13	1
42	2024-08-07 15:44:33.444212+03	4	Notification for My 2 location on 2024-08-06 19:07:48.004243+00:00	2	[]	13	1
43	2024-08-07 15:44:33.448132+03	4	Notification for My 2 location on 2024-08-06 19:07:48.004243+00:00	2	[]	13	1
44	2024-08-07 15:44:39.36791+03	12	Notification for Third on 2024-08-07 12:44:39.366793+00:00	1	[{"added": {}}]	13	1
45	2024-08-07 15:44:44.264648+03	13	Notification for Third on 2024-08-07 12:44:44.263796+00:00	1	[{"added": {}}]	13	1
46	2024-08-07 15:44:50.643826+03	14	Notification for Updated3 on 2024-08-07 12:44:50.643121+00:00	1	[{"added": {}}]	13	1
47	2024-08-07 15:44:54.595125+03	15	Notification for My 2 location on 2024-08-07 12:44:54.593789+00:00	1	[{"added": {}}]	13	1
48	2024-08-07 15:55:59.013079+03	16	Notification for Updated3 on 2024-08-07 12:55:59.011653+00:00	1	[{"added": {}}]	13	1
49	2024-08-07 15:56:02.05898+03	17	Notification for Third on 2024-08-07 12:56:02.058216+00:00	1	[{"added": {}}]	13	1
50	2024-08-07 15:56:06.966323+03	18	Notification for My 2 location on 2024-08-07 12:56:06.965195+00:00	1	[{"added": {}}]	13	1
51	2024-08-07 15:56:11.017254+03	19	Notification for Third on 2024-08-07 12:56:11.015760+00:00	1	[{"added": {}}]	13	1
52	2024-08-07 15:57:48.186607+03	20	Notification for Third on 2024-08-07 12:57:48.184829+00:00	1	[{"added": {}}]	13	1
53	2024-08-07 15:57:52.384928+03	21	Notification for Third on 2024-08-07 12:57:52.383686+00:00	1	[{"added": {}}]	13	1
54	2024-08-07 15:57:56.60018+03	22	Notification for Updated3 on 2024-08-07 12:57:56.599086+00:00	1	[{"added": {}}]	13	1
55	2024-08-07 15:58:45.169795+03	23	Notification for Third on 2024-08-07 12:58:45.168391+00:00	1	[{"added": {}}]	13	1
56	2024-08-07 15:58:48.043368+03	24	Notification for Updated3 on 2024-08-07 12:58:48.040588+00:00	1	[{"added": {}}]	13	1
57	2024-08-07 15:58:52.639317+03	25	Notification for My 2 location on 2024-08-07 12:58:52.638212+00:00	1	[{"added": {}}]	13	1
58	2024-08-07 15:58:55.516642+03	26	Notification for аоаоао on 2024-08-07 12:58:55.515629+00:00	1	[{"added": {}}]	13	1
59	2024-08-07 15:58:58.098966+03	27	Notification for Third on 2024-08-07 12:58:58.097662+00:00	1	[{"added": {}}]	13	1
60	2024-08-07 16:08:46.60861+03	28	Notification for Updated3 on 2024-08-07 13:08:46.607259+00:00	1	[{"added": {}}]	13	1
61	2024-08-07 16:08:50.072212+03	29	Notification for Updated3 on 2024-08-07 13:08:50.071067+00:00	1	[{"added": {}}]	13	1
62	2024-08-11 19:56:49.754085+03	43	test1 owner bondar12312	1	[{"added": {}}]	7	1
63	2024-08-11 19:56:59.803974+03	44	test2 owner bondar	1	[{"added": {}}]	7	1
64	2024-08-11 19:57:12.484495+03	45	test3 owner Knopka1234	1	[{"added": {}}]	7	1
65	2024-08-11 19:57:20.164523+03	46	test3 owner bondar	1	[{"added": {}}]	7	1
66	2024-08-11 19:57:31.956036+03	47	4test owner bondar12312	1	[{"added": {}}]	7	1
67	2024-08-11 19:58:03.698774+03	48	5test owner ggf7676776fg	1	[{"added": {}}]	7	1
68	2024-08-11 19:58:12.935006+03	49	65test owner 1test	1	[{"added": {}}]	7	1
69	2024-08-11 19:58:19.588485+03	50	65test65test65test owner ooooo	1	[{"added": {}}]	7	1
70	2024-08-11 19:58:26.844809+03	51	77765test owner kolpak	1	[{"added": {}}]	7	1
71	2024-08-11 19:58:35.841695+03	52	65testrr owner bona228	1	[{"added": {}}]	7	1
72	2024-08-11 19:59:01.03466+03	53	65testrroooo owner 1test	1	[{"added": {}}]	7	1
73	2024-08-11 19:59:09.469174+03	54	iiooloi owner bondar12312	1	[{"added": {}}]	7	1
74	2024-08-11 19:59:17.037201+03	55	koll owner bondar111	1	[{"added": {}}]	7	1
75	2024-08-11 21:44:58.832498+03	56	test123 owner ggf7676776fg	1	[{"added": {}}]	7	1
76	2024-08-11 21:45:07.57339+03	57	test1234 owner bondar	1	[{"added": {}}]	7	1
77	2024-08-11 21:46:02.225604+03	58	test12345test12345 owner bondar12312	1	[{"added": {}}]	7	1
78	2024-08-11 21:46:09.100538+03	59	test12345431 owner 1test	1	[{"added": {}}]	7	1
\.


--
-- Data for Name: django_apscheduler_djangojob; Type: TABLE DATA; Schema: public; Owner: nikitabondar
--

COPY public.django_apscheduler_djangojob (id, next_run_time, job_state) FROM stdin;
ackup	2024-08-11 23:51:18.539428+03	\\x800595f5010000000000007d94288c0776657273696f6e944b018c026964948c0561636b7570948c0466756e63948c2565636f73797374656d2e7363686564756c652e7363686564756c653a64625f6261636b7570948c0774726967676572948c1d61707363686564756c65722e74726967676572732e696e74657276616c948c0f496e74657276616c547269676765729493942981947d942868014b028c0874696d657a6f6e65948c086275696c74696e73948c07676574617474729493948c087a6f6e65696e666f948c085a6f6e65496e666f9493948c095f756e7069636b6c6594869452948c03555443944b01869452948c0a73746172745f64617465948c086461746574696d65948c086461746574696d65949394430a07e8051f062912083b24946818869452948c08656e645f64617465944e8c08696e74657276616c94681a8c0974696d6564656c74619493944b004b3c4b00879452948c066a6974746572944e75628c086578656375746f72948c0764656661756c74948c046172677394298c066b7761726773947d948c046e616d65948c0964625f6261636b7570948c126d6973666972655f67726163655f74696d65944b018c08636f616c6573636594888c0d6d61785f696e7374616e636573944b018c0d6e6578745f72756e5f74696d6594681c430a07e8080b143312083b2494681886945294752e
backup	2024-08-11 23:51:20.162091+03	\\x800595f6010000000000007d94288c0776657273696f6e944b018c026964948c066261636b7570948c0466756e63948c2565636f73797374656d2e7363686564756c652e7363686564756c653a64625f6261636b7570948c0774726967676572948c1d61707363686564756c65722e74726967676572732e696e74657276616c948c0f496e74657276616c547269676765729493942981947d942868014b028c0874696d657a6f6e65948c086275696c74696e73948c07676574617474729493948c087a6f6e65696e666f948c085a6f6e65496e666f9493948c095f756e7069636b6c6594869452948c03555443944b01869452948c0a73746172745f64617465948c086461746574696d65948c086461746574696d65949394430a07e8080b13331402792b946818869452948c08656e645f64617465944e8c08696e74657276616c94681a8c0974696d6564656c74619493944b004b3c4b00879452948c066a6974746572944e75628c086578656375746f72948c0764656661756c74948c046172677394298c066b7761726773947d948c046e616d65948c0964625f6261636b7570948c126d6973666972655f67726163655f74696d65944b018c08636f616c6573636594888c0d6d61785f696e7374616e636573944b018c0d6e6578745f72756e5f74696d6594681c430a07e8080b14331402792b94681886945294752e
weekly_backup	2024-08-12 02:49:34.947944+03	\\x800595fe010000000000007d94288c0776657273696f6e944b018c026964948c0d7765656b6c795f6261636b7570948c0466756e63948c2565636f73797374656d2e7363686564756c652e7363686564756c653a64625f6261636b7570948c0774726967676572948c1d61707363686564756c65722e74726967676572732e696e74657276616c948c0f496e74657276616c547269676765729493942981947d942868014b028c0874696d657a6f6e65948c086275696c74696e73948c07676574617474729493948c087a6f6e65696e666f948c085a6f6e65496e666f9493948c095f756e7069636b6c6594869452948c03555443944b01869452948c0a73746172745f64617465948c086461746574696d65948c086461746574696d65949394430a07e8080b1731220e76e8946818869452948c08656e645f64617465944e8c08696e74657276616c94681a8c0974696d6564656c74619493944b004d302a4b00879452948c066a6974746572944e75628c086578656375746f72948c0764656661756c74948c046172677394298c066b7761726773947d948c046e616d65948c0964625f6261636b7570948c126d6973666972655f67726163655f74696d65944b018c08636f616c6573636594888c0d6d61785f696e7374616e636573944b018c0d6e6578745f72756e5f74696d6594681c430a07e8080b1731220e76e894681886945294752e
\.


--
-- Data for Name: django_apscheduler_djangojobexecution; Type: TABLE DATA; Schema: public; Owner: nikitabondar
--

COPY public.django_apscheduler_djangojobexecution (id, status, run_time, duration, finished, exception, traceback, job_id) FROM stdin;
19708	Executed	2024-08-11 22:50:07.987327+03	0.13	1723405808.12	\N	\N	weekly_backup
19710	Missed!	2024-08-11 22:50:18.539428+03	1.03	1723405819.57	Run time of job 'ackup' was missed!	\N	ackup
19752	Executed	2024-08-11 23:00:18.539428+03	0.18	1723406418.72	\N	\N	ackup
19717	Executed	2024-08-11 22:52:07.987327+03	0.12	1723405928.11	\N	\N	weekly_backup
19794	Executed	2024-08-11 23:08:18.539428+03	0.12	1723406898.66	\N	\N	ackup
19719	Executed	2024-08-11 22:52:18.539428+03	0.10	1723405938.64	\N	\N	ackup
19756	Executed	2024-08-11 23:00:20.162091+03	0.11	1723406420.27	\N	\N	backup
19724	Executed	2024-08-11 22:53:20.162091+03	0.09	1723406000.25	\N	\N	backup
19726	Executed	2024-08-11 22:54:02.340319+03	0.10	1723406042.44	\N	\N	weekly_backup
19757	Executed	2024-08-11 23:01:18.539428+03	0.11	1723406478.65	\N	\N	ackup
19730	Executed	2024-08-11 22:54:20.162091+03	0.10	1723406060.26	\N	\N	backup
19837	Executed	2024-08-11 23:20:56.522977+03	0.11	1723407656.63	\N	\N	weekly_backup
19732	Executed	2024-08-11 22:55:02.340319+03	0.19	1723406102.53	\N	\N	weekly_backup
19759	Executed	2024-08-11 23:01:19.917857+03	0.09	1723406480.00	\N	\N	weekly_backup
19733	Executed	2024-08-11 22:55:18.539428+03	0.09	1723406118.63	\N	\N	ackup
19796	Executed	2024-08-11 23:08:20.162091+03	0.10	1723406900.26	\N	\N	backup
19735	Executed	2024-08-11 22:55:20.162091+03	0.07	1723406120.23	\N	\N	backup
19740	Executed	2024-08-11 22:57:20.162091+03	0.08	1723406240.25	\N	\N	backup
19765	Executed	2024-08-11 23:02:20.162091+03	0.10	1723406540.26	\N	\N	backup
19798	Executed	2024-08-11 23:09:18.539428+03	0.14	1723406958.68	\N	\N	ackup
19749	Executed	2024-08-11 22:59:19.917857+03	0.08	1723406360.00	\N	\N	weekly_backup
19767	Executed	2024-08-11 23:02:26.936311+03	0.13	1723406547.07	\N	\N	weekly_backup
19768	Executed	2024-08-11 23:03:18.539428+03	2.70	1723406601.24	\N	\N	ackup
19866	Executed	2024-08-11 23:29:18.539428+03	0.21	1723408158.75	\N	\N	ackup
19799	Executed	2024-08-11 23:09:20.162091+03	0.10	1723406960.26	\N	\N	backup
19774	Executed	2024-08-11 23:04:18.539428+03	0.10	1723406658.64	\N	\N	ackup
19804	Missed!	2024-08-11 23:11:18.539428+03	55.51	1723407134.05	Run time of job 'ackup' was missed!	\N	ackup
19777	Executed	2024-08-11 23:04:26.936311+03	0.07	1723406667.01	\N	\N	weekly_backup
19779	Executed	2024-08-11 23:05:18.539428+03	0.10	1723406718.63	\N	\N	ackup
19806	Executed	2024-08-11 23:12:18.539428+03	0.01	1723407138.55	\N	\N	ackup
19782	Executed	2024-08-11 23:05:26.936311+03	0.09	1723406727.03	\N	\N	weekly_backup
19807	Executed	2024-08-11 23:12:20.162091+03	0.00	1723407140.16	\N	\N	backup
19787	Executed	2024-08-11 23:06:26.936311+03	0.08	1723406787.02	\N	\N	weekly_backup
19817	Executed	2024-08-11 23:14:20.162091+03	0.00	1723407260.17	\N	\N	backup
19820	Executed	2024-08-11 23:15:18.539428+03	0.01	1723407318.55	\N	\N	ackup
19823	Executed	2024-08-11 23:16:18.539428+03	0.14	1723407378.68	\N	\N	ackup
19824	Executed	2024-08-11 23:16:20.162091+03	0.09	1723407380.25	\N	\N	backup
19825	Executed	2024-08-11 23:16:56.522977+03	0.11	1723407416.63	\N	\N	weekly_backup
19826	Executed	2024-08-11 23:17:18.539428+03	0.10	1723407438.64	\N	\N	ackup
19827	Executed	2024-08-11 23:17:20.162091+03	0.09	1723407440.25	\N	\N	backup
19828	Executed	2024-08-11 23:17:56.522977+03	0.10	1723407476.63	\N	\N	weekly_backup
19829	Executed	2024-08-11 23:18:18.539428+03	0.20	1723407498.74	\N	\N	ackup
19830	Executed	2024-08-11 23:18:20.162091+03	0.08	1723407500.25	\N	\N	backup
19831	Executed	2024-08-11 23:18:56.522977+03	0.12	1723407536.64	\N	\N	weekly_backup
19832	Executed	2024-08-11 23:19:18.539428+03	0.12	1723407558.66	\N	\N	ackup
19833	Executed	2024-08-11 23:19:20.162091+03	0.08	1723407560.24	\N	\N	backup
19834	Executed	2024-08-11 23:19:56.522977+03	0.11	1723407596.63	\N	\N	weekly_backup
19835	Executed	2024-08-11 23:20:18.539428+03	0.13	1723407618.67	\N	\N	ackup
19836	Executed	2024-08-11 23:20:20.162091+03	0.08	1723407620.24	\N	\N	backup
19842	Executed	2024-08-11 23:22:18.539428+03	0.31	1723407738.85	\N	\N	ackup
19844	Executed	2024-08-11 23:22:20.162091+03	0.25	1723407740.41	\N	\N	backup
19846	Executed	2024-08-11 23:23:10.011284+03	0.21	1723407790.22	\N	\N	weekly_backup
19867	Executed	2024-08-11 23:29:20.162091+03	0.13	1723408160.29	\N	\N	backup
19849	Executed	2024-08-11 23:23:20.162091+03	0.22	1723407800.38	\N	\N	backup
19851	Missed!	2024-08-11 23:24:18.539428+03	50.74	1723407909.27	Run time of job 'ackup' was missed!	\N	ackup
19853	Executed	2024-08-11 23:25:18.539428+03	0.20	1723407918.74	\N	\N	ackup
19855	Executed	2024-08-11 23:25:20.162091+03	0.13	1723407920.29	\N	\N	backup
19860	Executed	2024-08-11 23:27:20.162091+03	0.13	1723408040.29	\N	\N	backup
19894	Executed	2024-08-11 23:37:18.539428+03	0.17	1723408638.71	\N	\N	ackup
19871	Executed	2024-08-11 23:30:20.162091+03	0.15	1723408220.32	\N	\N	backup
19889	Executed	2024-08-11 23:35:20.162091+03	0.10	1723408520.26	\N	\N	backup
19904	Executed	2024-08-11 23:40:18.539428+03	0.20	1723408818.74	\N	\N	ackup
19895	Executed	2024-08-11 23:37:20.162091+03	0.14	1723408640.30	\N	\N	backup
19897	Executed	2024-08-11 23:38:18.539428+03	0.20	1723408698.74	\N	\N	ackup
19914	Executed	2024-08-11 23:43:18.539428+03	0.15	1723408998.69	\N	\N	ackup
19900	Executed	2024-08-11 23:39:18.539428+03	0.14	1723408758.68	\N	\N	ackup
19906	Executed	2024-08-11 23:40:20.162091+03	0.17	1723408820.34	\N	\N	backup
19909	Executed	2024-08-11 23:41:20.162091+03	0.12	1723408880.28	\N	\N	backup
19907	Executed	2024-08-11 23:41:18.539428+03	0.20	1723408878.74	\N	\N	ackup
19912	Executed	2024-08-11 23:42:20.162091+03	0.14	1723408940.30	\N	\N	backup
19910	Executed	2024-08-11 23:42:18.539428+03	0.15	1723408938.69	\N	\N	ackup
19915	Executed	2024-08-11 23:43:20.162091+03	0.12	1723409000.28	\N	\N	backup
19918	Executed	2024-08-11 23:44:20.162091+03	0.33	1723409060.49	\N	\N	backup
19920	Executed	2024-08-11 23:45:18.539428+03	0.16	1723409118.70	\N	\N	ackup
19922	Executed	2024-08-11 23:45:20.162091+03	0.14	1723409120.30	\N	\N	backup
19928	Executed	2024-08-11 23:47:18.539428+03	0.16	1723409238.70	\N	\N	ackup
19929	Executed	2024-08-11 23:47:20.162091+03	0.14	1723409240.30	\N	\N	backup
19930	Executed	2024-08-11 23:48:18.539428+03	0.15	1723409298.69	\N	\N	ackup
19934	Executed	2024-08-11 23:49:18.539428+03	0.10	1723409358.63	\N	\N	ackup
19936	Executed	2024-08-11 23:49:20.162091+03	0.13	1723409360.29	\N	\N	backup
19711	Executed	2024-08-11 22:51:07.987327+03	0.16	1723405868.14	\N	\N	weekly_backup
19753	Executed	2024-08-11 23:00:19.917857+03	0.12	1723406420.04	\N	\N	weekly_backup
19713	Executed	2024-08-11 22:51:18.539428+03	0.13	1723405878.67	\N	\N	ackup
19715	Executed	2024-08-11 22:51:20.162091+03	0.11	1723405880.27	\N	\N	backup
19858	Executed	2024-08-11 23:26:20.162091+03	0.21	1723407980.37	\N	\N	backup
19797	Executed	2024-08-11 23:08:33.108227+03	0.15	1723406913.26	\N	\N	weekly_backup
19721	Executed	2024-08-11 22:52:20.162091+03	0.15	1723405940.31	\N	\N	backup
19722	Executed	2024-08-11 22:53:18.539428+03	0.14	1723405998.67	\N	\N	ackup
19761	Executed	2024-08-11 23:01:20.162091+03	0.09	1723406480.25	\N	\N	backup
19728	Executed	2024-08-11 22:54:18.539428+03	0.12	1723406058.66	\N	\N	ackup
19763	Executed	2024-08-11 23:02:18.539428+03	0.19	1723406538.73	\N	\N	ackup
19737	Executed	2024-08-11 22:56:02.340319+03	0.14	1723406162.48	\N	\N	weekly_backup
19738	Missed!	2024-08-11 22:56:20.162091+03	59.15	1723406239.32	Run time of job 'backup' was missed!	\N	backup
19739	Executed	2024-08-11 22:57:18.539428+03	0.86	1723406239.40	\N	\N	ackup
19802	Executed	2024-08-11 23:10:18.539428+03	1.87	1723407020.41	\N	\N	ackup
19741	Executed	2024-08-11 22:58:18.539428+03	0.17	1723406298.71	\N	\N	ackup
19770	Executed	2024-08-11 23:03:20.162091+03	1.08	1723406601.24	\N	\N	backup
19743	Executed	2024-08-11 22:58:19.917857+03	0.11	1723406300.03	\N	\N	weekly_backup
21	Executed	2024-05-31 09:41:18.539428+03	0.13	1717137678.67	\N	\N	ackup
23	Missed!	2024-05-31 09:42:07.987327+03	4.68	1717137732.67	Run time of job 'weekly_backup' was missed!	\N	weekly_backup
24	Executed	2024-05-31 09:42:18.539428+03	0.15	1717137738.68	\N	\N	ackup
19745	Executed	2024-08-11 22:58:20.162091+03	0.09	1723406300.26	\N	\N	backup
25	Executed	2024-05-31 09:43:07.987327+03	0.13	1717137788.12	\N	\N	weekly_backup
19885	Executed	2024-08-11 23:34:20.162091+03	0.13	1723408460.29	\N	\N	backup
19747	Executed	2024-08-11 22:59:18.539428+03	0.11	1723406358.65	\N	\N	ackup
27	Executed	2024-05-31 09:43:13.068402+03	0.15	1717137793.22	\N	\N	backup
29	Missed!	2024-05-31 09:43:18.539428+03	24.83	1717137823.37	Run time of job 'ackup' was missed!	\N	ackup
19772	Executed	2024-08-11 23:03:26.936311+03	0.07	1723406607.01	\N	\N	weekly_backup
30	Executed	2024-05-31 09:44:07.987327+03	0.11	1717137848.10	\N	\N	weekly_backup
19803	Executed	2024-08-11 23:10:20.162091+03	0.69	1723407020.86	\N	\N	backup
19751	Executed	2024-08-11 22:59:20.162091+03	0.14	1723406360.30	\N	\N	backup
32	Executed	2024-05-31 09:44:18.539428+03	0.16	1717137858.70	\N	\N	ackup
34	Missed!	2024-05-31 09:58:07.987327+03	59.33	1717138747.32	Run time of job 'weekly_backup' was missed!	\N	weekly_backup
35	Missed!	2024-05-31 09:58:18.539428+03	48.80	1717138747.34	Run time of job 'ackup' was missed!	\N	ackup
19805	Missed!	2024-08-11 23:11:20.162091+03	53.91	1723407134.07	Run time of job 'backup' was missed!	\N	backup
19776	Executed	2024-08-11 23:04:20.162091+03	0.06	1723406660.22	\N	\N	backup
19808	Executed	2024-08-11 23:13:14.645717+03	0.01	1723407194.66	\N	\N	weekly_backup
19811	Executed	2024-08-11 23:13:18.539428+03	0.01	1723407198.55	\N	\N	ackup
19812	Executed	2024-08-11 23:13:20.162091+03	0.00	1723407200.16	\N	\N	backup
19781	Executed	2024-08-11 23:05:20.162091+03	0.08	1723406720.24	\N	\N	backup
19814	Executed	2024-08-11 23:14:18.539428+03	0.01	1723407258.55	\N	\N	ackup
19784	Executed	2024-08-11 23:06:18.539428+03	0.09	1723406778.63	\N	\N	ackup
19818	Executed	2024-08-11 23:14:54.129705+03	0.01	1723407294.14	\N	\N	weekly_backup
19786	Executed	2024-08-11 23:06:20.162091+03	0.07	1723406780.23	\N	\N	backup
19789	Executed	2024-08-11 23:07:18.539428+03	0.16	1723406838.70	\N	\N	ackup
19822	Executed	2024-08-11 23:15:20.162091+03	0.01	1723407320.17	\N	\N	backup
19790	Executed	2024-08-11 23:07:20.162091+03	0.09	1723406840.25	\N	\N	backup
19792	Executed	2024-08-11 23:07:33.108227+03	0.14	1723406853.24	\N	\N	weekly_backup
19859	Executed	2024-08-11 23:27:18.539428+03	0.44	1723408038.98	\N	\N	ackup
19838	Executed	2024-08-11 23:21:18.539428+03	0.14	1723407678.68	\N	\N	ackup
19840	Executed	2024-08-11 23:21:20.162091+03	0.10	1723407680.26	\N	\N	backup
19877	Executed	2024-08-11 23:32:18.539428+03	0.16	1723408338.70	\N	\N	ackup
19847	Executed	2024-08-11 23:23:18.539428+03	0.14	1723407798.68	\N	\N	ackup
19852	Missed!	2024-08-11 23:24:20.162091+03	49.12	1723407909.28	Run time of job 'backup' was missed!	\N	backup
19857	Executed	2024-08-11 23:26:18.539428+03	0.59	1723407979.13	\N	\N	ackup
19861	Executed	2024-08-11 23:28:18.539428+03	0.17	1723408098.71	\N	\N	ackup
19863	Executed	2024-08-11 23:28:20.162091+03	0.14	1723408100.30	\N	\N	backup
19880	Executed	2024-08-11 23:32:20.162091+03	0.17	1723408340.33	\N	\N	backup
19869	Executed	2024-08-11 23:30:18.539428+03	0.19	1723408218.73	\N	\N	ackup
19873	Executed	2024-08-11 23:31:18.539428+03	0.20	1723408278.74	\N	\N	ackup
19892	Executed	2024-08-11 23:36:20.162091+03	0.12	1723408580.28	\N	\N	backup
19876	Executed	2024-08-11 23:31:20.162091+03	0.15	1723408280.31	\N	\N	backup
19882	Executed	2024-08-11 23:33:18.539428+03	0.19	1723408398.73	\N	\N	ackup
19887	Executed	2024-08-11 23:35:18.539428+03	0.18	1723408518.72	\N	\N	ackup
19883	Executed	2024-08-11 23:33:20.162091+03	0.13	1723408400.29	\N	\N	backup
19884	Executed	2024-08-11 23:34:18.539428+03	0.16	1723408458.70	\N	\N	ackup
19891	Executed	2024-08-11 23:36:18.539428+03	0.16	1723408578.70	\N	\N	ackup
19899	Executed	2024-08-11 23:38:20.162091+03	0.15	1723408700.32	\N	\N	backup
19902	Executed	2024-08-11 23:39:20.162091+03	0.21	1723408760.38	\N	\N	backup
19917	Executed	2024-08-11 23:44:18.539428+03	0.22	1723409058.76	\N	\N	ackup
19924	Executed	2024-08-11 23:46:18.539428+03	0.14	1723409178.68	\N	\N	ackup
19926	Executed	2024-08-11 23:46:20.162091+03	0.11	1723409180.28	\N	\N	backup
19932	Executed	2024-08-11 23:48:20.162091+03	0.14	1723409300.30	\N	\N	backup
19938	Executed	2024-08-11 23:50:18.539428+03	0.14	1723409418.68	\N	\N	ackup
19940	Executed	2024-08-11 23:50:20.162091+03	0.12	1723409420.28	\N	\N	backup
\.


--
-- Data for Name: django_content_type; Type: TABLE DATA; Schema: public; Owner: nikitabondar
--

COPY public.django_content_type (id, app_label, model) FROM stdin;
1	admin	logentry
2	auth	permission
3	auth	group
4	contenttypes	contenttype
5	sessions	session
6	users	user
7	locations	location
8	locations	monitoringdata
9	locations	parameter
10	locations	locationtype
11	django_apscheduler	djangojob
12	django_apscheduler	djangojobexecution
13	locations	notification
\.


--
-- Data for Name: django_migrations; Type: TABLE DATA; Schema: public; Owner: nikitabondar
--

COPY public.django_migrations (id, app, name, applied) FROM stdin;
1	contenttypes	0001_initial	2024-05-08 17:04:42.743959+03
2	contenttypes	0002_remove_content_type_name	2024-05-08 17:08:15.954082+03
3	auth	0001_initial	2024-05-08 17:08:15.96744+03
4	auth	0002_alter_permission_name_max_length	2024-05-08 17:08:15.969824+03
5	auth	0003_alter_user_email_max_length	2024-05-08 17:08:15.971703+03
6	auth	0004_alter_user_username_opts	2024-05-08 17:08:15.973641+03
7	auth	0005_alter_user_last_login_null	2024-05-08 17:08:15.975874+03
8	auth	0006_require_contenttypes_0002	2024-05-08 17:08:15.976362+03
9	auth	0007_alter_validators_add_error_messages	2024-05-08 17:08:15.978167+03
10	auth	0008_alter_user_username_max_length	2024-05-08 17:08:15.979844+03
11	auth	0009_alter_user_last_name_max_length	2024-05-08 17:08:15.981502+03
12	auth	0010_alter_group_name_max_length	2024-05-08 17:08:15.984472+03
13	auth	0011_update_proxy_permissions	2024-05-08 17:08:15.986057+03
14	auth	0012_alter_user_first_name_max_length	2024-05-08 17:08:15.988619+03
15	users	0001_initial	2024-05-08 17:08:15.999452+03
16	admin	0001_initial	2024-05-08 17:08:16.006176+03
17	admin	0002_logentry_remove_auto_add	2024-05-08 17:08:16.010236+03
18	admin	0003_logentry_add_action_flag_choices	2024-05-08 17:08:16.012643+03
19	sessions	0001_initial	2024-05-08 17:08:16.015911+03
20	locations	0001_initial	2024-05-13 16:29:47.068113+03
21	locations	0002_parameter_parameter_name	2024-05-13 16:36:45.271975+03
22	locations	0003_location_user	2024-05-13 17:07:01.206015+03
23	users	0002_user_all_payment_keys_user_payment_key	2024-05-15 19:50:46.112736+03
24	django_apscheduler	0001_initial	2024-05-29 13:49:47.041762+03
25	django_apscheduler	0002_auto_20180412_0758	2024-05-29 13:49:47.044347+03
26	django_apscheduler	0003_auto_20200716_1632	2024-05-29 13:49:47.052607+03
27	django_apscheduler	0004_auto_20200717_1043	2024-05-29 13:49:47.067526+03
28	django_apscheduler	0005_migrate_name_to_id	2024-05-29 13:49:47.077925+03
29	django_apscheduler	0006_remove_djangojob_name	2024-05-29 13:49:47.080375+03
30	django_apscheduler	0007_auto_20200717_1404	2024-05-29 13:49:47.086183+03
31	django_apscheduler	0008_remove_djangojobexecution_started	2024-05-29 13:49:47.089076+03
32	django_apscheduler	0009_djangojobexecution_unique_job_executions	2024-05-29 13:49:47.091304+03
33	locations	0004_notification	2024-08-06 15:42:29.805006+03
\.


--
-- Data for Name: django_session; Type: TABLE DATA; Schema: public; Owner: nikitabondar
--

COPY public.django_session (session_key, session_data, expire_date) FROM stdin;
s11l8heh2p63eoq1lloypyqmbvwz8auj	eyJwYXltZW50X2ludGVudF9pZCI6bnVsbH0:1s7Gk3:r7jmOz29avbD3xjUtQVc63zI6rSzGI5ZQ9BOa47p_9M	2024-05-29 18:40:31.868546+03
rxeefn8kiobbmuiqjs3b5ghlp7fnmr2b	.eJxVjEEOwiAQRe_C2hAoQ5m4dO8ZCDCDVA0kpV013t026UK3_733N-HDuhS_dp79ROIqtLj8bjGkF9cD0DPUR5Op1WWeojwUedIu7434fTvdv4MSetlrMGCJKYGyiIPNCJYjJKscJs3ZjQqddpg1jS6DM7umUMfMGZOBQYnPF8aLNvo:1s7d7I:yCEfnLPPBnbR2_L2k-X8uETa7F6DBiogYmMYeSs_WOU	2024-05-30 18:34:00.537597+03
y2dijfbjspgcpnmkfsdh82a478ry25ev	.eJxVjEEOwiAQRe_C2hAoQ5m4dO8ZCDCDVA0kpV013t026UK3_733N-HDuhS_dp79ROIqtLj8bjGkF9cD0DPUR5Op1WWeojwUedIu7434fTvdv4MSetlrMGCJKYGyiIPNCJYjJKscJs3ZjQqddpg1jS6DM7umUMfMGZOBQYnPF8aLNvo:1sBt7m:4ggZfIVBqbKxmqXC27U3FRBFKcudP5uPPhvNV1JFTm4	2024-06-11 12:28:06.275108+03
xbny8dwwrixbx4z5eka4wonnd5myezby	.eJxVjMsOwiAQRf-FtSFAebp07zeQYQakaiAp7cr479qkC93ec859sQjbWuM28hJnYmem2Ol3S4CP3HZAd2i3zrG3dZkT3xV-0MGvnfLzcrh_BxVG_dYIShsLZTLgA2mjXXCE2ni0IglfUGnpixZZilKsDMY4YWlS6CVQdoK9P9LdN0g:1sCjJG:Way65OuoMJdY4I_ULhPNUhAXf1rS11YR4D1NKKpKuvw	2024-06-13 20:11:26.351004+03
l753u2a0dvv46442f6uabjecw5rzkhdc	.eJxVjMsOwiAQRf-FtSFAebp07zeQYQakaiAp7cr479qkC93ec859sQjbWuM28hJnYmem2Ol3S4CP3HZAd2i3zrG3dZkT3xV-0MGvnfLzcrh_BxVG_dYIShsLZTLgA2mjXXCE2ni0IglfUGnpixZZilKsDMY4YWlS6CVQdoK9P9LdN0g:1sJv3S:YtpHrZStp0E3LKRFBeOtUJmmrMnnOnb7WqCk8eHnu5o	2024-07-03 16:08:50.43714+03
icluer81lqc5zvjvskv0xzg2fv98bl8z	.eJxVjMsOwiAQRf-FtSFAebp07zeQYQakaiAp7cr479qkC93ec859sQjbWuM28hJnYmem2Ol3S4CP3HZAd2i3zrG3dZkT3xV-0MGvnfLzcrh_BxVG_dYIShsLZTLgA2mjXXCE2ni0IglfUGnpixZZilKsDMY4YWlS6CVQdoK9P9LdN0g:1sKKZI:gIsdZ7ERHLj51PNOT69htz7-zUfTCV2_4N8oMwbtj0s	2024-07-04 19:23:24.075536+03
yz8srt7d720tkaw6lo58ghz9dk11oljf	.eJxVjMEOwiAQRP-FsyG4IC4evfsNZNmlUjWQlPZk_HfbpAfN3Oa9mbeKtMwlLj1PcRR1UUd1-O0S8TPXDciD6r1pbnWexqQ3Re-061uT_Lru7t9BoV7WNUFiRyQu20xDQELjkdlIgDUIVpjPjBYATsZ7sMgmpGARYDCITn2-9FM3SA:1sU6I2:Atz4Ozighbr_6qPRvL6S5fT8JCN3ZoVC2c0AQtYXxNg	2024-07-31 18:09:58.256379+03
4cyg8qistoc5dmluebpucfsaz8r092d7	.eJxVjMEOwiAQRP-FsyG4IC4evfsNZNmlUjWQlPZk_HfbpAfN3Oa9mbeKtMwlLj1PcRR1UUd1-O0S8TPXDciD6r1pbnWexqQ3Re-061uT_Lru7t9BoV7WNUFiRyQu20xDQELjkdlIgDUIVpjPjBYATsZ7sMgmpGARYDCITn2-9FM3SA:1sbJXe:J76V1U12ZBJULAgAEXZUj_WcyS41Y_hpYF_TAhKImJU	2024-08-20 15:43:54.691258+03
92iwf6cachv8o8lbn178a4rzu3oe0mbp	.eJxVjMEOwiAQRP-FsyG4IC4evfsNZNmlUjWQlPZk_HfbpAfN3Oa9mbeKtMwlLj1PcRR1UUd1-O0S8TPXDciD6r1pbnWexqQ3Re-061uT_Lru7t9BoV7WNUFiRyQu20xDQELjkdlIgDUIVpjPjBYATsZ7sMgmpGARYDCITn2-9FM3SA:1sbJyD:Yn1jg9prcKCOjSid6ESjbYX03L0qK8faLxE_YPfQ7CA	2024-08-20 16:11:21.036463+03
\.


--
-- Data for Name: locations_location; Type: TABLE DATA; Schema: public; Owner: nikitabondar
--

COPY public.locations_location (id, name, description, country, city, created_date, location_type_id, user_id) FROM stdin;
5	аоаоао	аваававав	аввааа	авваавв	2024-05-13	2	2
4	Change	dffdhhh	fddf	dffddf	2024-05-13	3	2
39	My 2 location	My 2 location	England	London	2024-06-26	4	19
38	Updated3	Description	Poland	Krakow	2024-06-26	5	19
40	Third	Description Description Description	Germeny	Berlin	2024-08-03	3	19
43	test1	test1test1test1	test1	test1	2024-08-11	3	18
44	test2	test2test2test2	test2	test2	2024-08-11	3	7
45	test3	test3	test3	test3	2024-08-11	1	19
46	test3	test3test3	test3	test3	2024-08-11	3	7
47	4test	4test4test4test	4test	4test	2024-08-11	2	18
48	5test	5testv5testv	5test5test	5test	2024-08-11	4	9
49	65test	65test65testv	65test65test	65test	2024-08-11	3	20
50	65test65test65test	65test65test65test	65test65test65test	65test65test	2024-08-11	2	25
51	77765test	65test65test	65test	65test	2024-08-11	3	11
52	65testrr	65testrr	65testrr	65testrr	2024-08-11	4	3
56	test123	test123test123test123	test123	test123	2024-08-11	3	9
57	test1234	test1234	test1234	test1234	2024-08-11	2	7
\.


--
-- Data for Name: locations_locationtype; Type: TABLE DATA; Schema: public; Owner: nikitabondar
--

COPY public.locations_locationtype (id, name, image) FROM stdin;
1	bedroom	location_types/bedroom-wooden-accent-wall-9KdgK5zqKcz9ukcu6xy1Hx-c1217ee14b1b43e0ae82ec2_oRpepKJ.jpg
2	living room	location_types/ghk010123homeminifeature-023-4-646e91f8cabc6.jpg
3	kitchen	location_types/hbx110123wh-kitchen-005-6613fbd4e2f90.jpg
4	bathroom	location_types/black-white-modern-bathroom-plants-9a32b43a-8b9d4a315d88430882bfeef9c5d25d68.jpg
5	garden	location_types/home-garden-design-perfect-for-a-continental-feast.jpg
\.


--
-- Data for Name: locations_monitoringdata; Type: TABLE DATA; Schema: public; Owner: nikitabondar
--

COPY public.locations_monitoringdata (id, value, update_time, location_id, parameter_id) FROM stdin;
3	0.4	2024-05-29 15:58:01.35993+03	5	2
4	0.6	2024-05-29 15:58:12.015354+03	5	3
5	2	2024-05-29 15:58:21.426736+03	5	4
6	1	2024-05-29 15:59:39.752511+03	5	1
7	0.6	2024-05-29 16:00:08.236745+03	5	5
8	0.5	2024-05-29 16:00:16.736203+03	5	6
11	0.4	2024-07-17 18:10:18.553262+03	38	1
12	0.2	2024-07-17 18:10:28.966093+03	38	2
13	0.6	2024-07-17 18:10:38.904694+03	38	3
14	0.8	2024-07-17 18:10:47.38576+03	38	4
15	0.3	2024-07-17 18:10:56.931315+03	38	5
16	0.4	2024-07-17 18:11:08.347616+03	38	6
\.


--
-- Data for Name: locations_notification; Type: TABLE DATA; Schema: public; Owner: nikitabondar
--

COPY public.locations_notification (id, content, created_date, location_id) FROM stdin;
2	dferrf	2024-08-06 16:11:31.544738+03	5
26	The PARAMETR parameter exceeds X points. Check the parameters on location LOCATION NAME	2024-08-07 15:58:55.515629+03	5
\.


--
-- Data for Name: locations_parameter; Type: TABLE DATA; Schema: public; Owner: nikitabondar
--

COPY public.locations_parameter (id, min_value, max_value, unit, weight, parameter_name) FROM stdin;
1	0	54	ug/m3	0.3	PM10
2	0	15	ug/m3	0.3	PM2.5
3	100	400	ppm	0.1	CO
4	0	0.05	ppm	0.1	O3
5	0	0.5	ppm	0.1	NO2
6	0	0.1	ppm	0.1	SO2
\.


--
-- Data for Name: users_user; Type: TABLE DATA; Schema: public; Owner: nikitabondar
--

COPY public.users_user (id, password, last_login, is_superuser, username, first_name, last_name, email, is_staff, is_active, date_joined, gender, birth_date, all_payment_keys, payment_key) FROM stdin;
2	pbkdf2_sha256$600000$8fUWrPcZLCU8K5AdkDwhxU$VJbI1FXqka9j6334Gy+s4Ots0SUkfEEc0MM/1W5ojZo=	2024-06-20 19:23:24.073043+03	f	bondar111	Changed2.0	Bondar	bondar@gmail.com	t	t	2024-05-08 23:09:19+03	M	2004-01-18	{ed6c777b-a25a-4f61-bf81-79c0ed3da1ab,5e61198a-bdec-4233-bd69-8a4b8c5c76e8,69e251a1-ab35-48f2-ac78-58c4616746c0,6c1c28f0-ba15-42be-88fe-a8d3da6ab944,fe6ba1cd-fa0d-429b-85a1-5640c9157dc2,ae37da5a-5af4-435d-83f1-ad7dfdd97d26,bb39efee-dc74-4c0a-999b-16f411a41f72,a53bb291-88a0-4872-bb57-f02d5bd7d7bc,84e19f4e-a20f-41bb-a308-3ce27bddbce4,50bde5bb-fcdb-4c0a-8a6a-6b2d9830078c,35f0f5e2-727e-41ba-8a39-6b94d6b205c3,f3b2997e-8bc8-4db8-ada5-348f2295eabb,4010e03f-a5c9-4e53-887a-bcfd8196438b,c1191236-ac86-4ffc-ab41-e0f7764298bd,55a7c2d0-0f25-4ef0-b9dd-4a79072dafeb,c5926cf9-8c99-4650-ada8-3f6c5bfea791,0daf0e22-c68c-4df0-9720-777e8b88a517,ddf50fce-4448-4f35-bc90-56f46eee0535,dd07c90a-625a-4bec-865e-15eec53f72ad,b9676180-780e-496c-945d-d45738afa7a2,2ee6a0cb-0948-4aa6-8546-84beb06bd8c2}	2ee6a0cb-0948-4aa6-8546-84beb06bd8c2
1	pbkdf2_sha256$600000$Te2WQQiHN12W2yDyR6uY1L$oW5SV/IUNm/JgY5KDn7U/SyNUUF4z8Dk1VV68u+cmRU=	2024-08-06 16:11:21.034944+03	t	nik	Changed3.0	Ivanov	ivan213@gmail.com	t	t	2024-05-08 17:09:39+03	\N	2022-08-17	\N	\N
7	pbkdf2_sha256$600000$cKRAOuP6F8B0k0VWJ8tWpg$jLwiwuMSjdsRh23T5JLPy+1tIkQhpTYc5NQP46VOCsA=	2024-05-12 20:46:51.647075+03	f	bondar	Changed3.0	Bond	bondajjjr@gmail.com	t	t	2024-05-12 20:46:15.727154+03	M	2004-01-18	\N	\N
11	pbkdf2_sha256$720000$lUWN3L0Oqh9MOzGiMFoTby$J4nAO38ot2+VbCmEbZXqXjzxq2ycsgYYQb6d0g/Ti+U=	\N	t	kolpak	Mykyta	Koma	bonfffdaaa1234@gmail.com	t	t	2024-05-16 15:24:28.095615+03	F	2005-05-30	\N	\N
18	pbkdf2_sha256$600000$gH95kHsFXEaVr7kylvOjKr$bCuaxnLvqZc0ZlCq+xJ/7NhdM+REyVFNK6GHU+zjA5c=	\N	f	bondar12312	Kolya	Pupkin	ddksskf@hamdo.com	t	t	2024-06-17 22:59:45.328353+03	F	\N	\N	\N
9	pbkdf2_sha256$720000$q7hsQLuTfw5mfnomjoIVjq$LBmc3yBZziU7kZpoKZJN7TYtVsQfYQlV+6AkdVpSRto=	\N	f	ggf7676776fg	Loop	Koma	joifjdo@jidfs.ov	t	t	2024-05-14 14:51:17.886955+03	F	2005-05-30	\N	\N
3	pbkdf2_sha256$720000$upgmlndXV45ADCXZ451jZF$shFPOcBMqmpDLjcwGZvpYvSYgLx8MEeS00rOViaUT7Y=	2024-05-09 20:28:44+03	f	bona228	Nik	Koma	bonaaa1234@gmail.com	t	t	2024-05-09 20:26:20+03	F	2005-05-30	{}	\N
10	pbkdf2_sha256$720000$AejbeuVjJlyQKERIlROWAf$w1U4sLkHry3JYWv3394/x/CWdHigcefgt5aQfkS480Q=	\N	t	Nmar	Nikita	Koddma	rrrrr@erew.rp	t	t	2024-05-15 20:00:59.029535+03	F	2005-05-30	\N	\N
22	pbkdf2_sha256$600000$ah7B4uWwyhhh1g8Kl5uYVh$N2mr4p3OnYf/MG6KfXHeqc6NrhAYs+o8TYG3RjWEieg=	\N	t	test234	test234	test234	test234@jjfjfjf.cid	t	t	2024-08-08 17:07:32.461322+03		2024-08-24	\N	\N
23	pbkdf2_sha256$600000$qoAmEKdJBwmOm6qcI3wBfL$MezwTSS2XRCMfaisbdoXhuKSLD9vJTfPRzHtDy/Dp9E=	\N	f	eee	eee	eee	eee@dew.dd	f	t	2024-08-08 17:15:33.08521+03		2024-08-05	\N	\N
24	pbkdf2_sha256$600000$az0fSQRZVW3ikloAd58Ugh$jXafIb7tQFAdJTKdwnVAFbkIogAep/T0x4DUn2Dvzjg=	\N	f	ffffff	ffffff	ffffff	ffffff@dd.dff	f	t	2024-08-08 17:15:47.873624+03	F	2024-08-15	\N	\N
25	pbkdf2_sha256$600000$GQKyFXJZyHdSMFyKAel9jA$Se9rDI77nPtl3JwJN4weIfuqhOfVncCd0Ew092deabQ=	\N	f	ooooo	ooooo	ooooo	ooooo@dd.dfs	f	t	2024-08-08 17:16:06.656168+03	F	2024-08-09	\N	\N
20	pbkdf2_sha256$600000$P104gDh0SHfc4mxhpunHAS$g9yW9CqV2EHOk9IlgwoDADoL205gbweX9Rde+HDLV9w=	\N	t	1test	test1	test1	test@foiwei.com	t	t	2024-08-08 17:04:29.941352+03		2024-07-30	\N	\N
19	pbkdf2_sha256$600000$BgrQJ0Jwy1oNzMCQYOgjEm$3kr2QbwKqBoUGfiZuOxwr+rpYj9+AEvvpe0C7SdT63A=	2024-08-02 13:25:24.743044+03	f	Knopka1234	eeee	Knopka	Knopka1234@jjfd.com	f	t	2024-06-17 23:05:53.707137+03	F	2024-06-06	{15222a24-ea74-498d-a795-5b7271ef3189,85d8a722-b15b-4a63-8abc-cae44160f042,e67683a7-aa4e-4e5d-aa5d-accba281bbe3,58f1be9e-1049-43f0-9f99-be6dcccb7c8b,cad86bda-20d9-4a8a-b53b-44d7b753d295,8cd62bfe-40e7-41e8-902e-95d39431cfb8,74a1431d-55c8-4205-a128-747f675797d8,e43abb29-7370-4aa4-9bb2-405fd4d3c22f,d890d4f9-95a0-4e6a-9f1d-26bce522158d,eaab3f73-4dfb-4357-a9a1-14656718fbba,011be7d2-a15b-4375-b116-faa7420eebe8,c8b20d35-7f1d-468b-8217-2cdf75727eb5,958cd2fb-88f8-426c-b471-6253f4e7de96,8b8fbf78-2ab1-4fe3-af52-12b41ccb3d0e,a50ed1cf-6b36-4bdc-8c29-4e48ce267c2f,f24a416b-826b-4fe8-8150-0fc85a30a7aa,b147ad4a-d3bd-4c61-8d2d-51439a020e85,054b3b9e-570a-4b9a-b221-ad20fd9f87f2,50272852-a209-45c0-bc03-99092e9d82e3,552909ce-f819-4dbb-8ff2-29d13a771156,12015996-8d9e-4e0f-9d1e-d189c1a602d2,314bf157-615d-40c7-97f7-7dfbe022b01a,04ac5ed5-f2ef-498f-b3e5-53f3b1fc2c1e,dde064d1-216f-4b8d-829c-32c57e7dafd8,1c2a7499-318c-4c9a-bcc6-bd77aa79409f}	1c2a7499-318c-4c9a-bcc6-bd77aa79409f
\.


--
-- Data for Name: users_user_groups; Type: TABLE DATA; Schema: public; Owner: nikitabondar
--

COPY public.users_user_groups (id, user_id, group_id) FROM stdin;
\.


--
-- Data for Name: users_user_user_permissions; Type: TABLE DATA; Schema: public; Owner: nikitabondar
--

COPY public.users_user_user_permissions (id, user_id, permission_id) FROM stdin;
\.


--
-- Name: auth_group_id_seq; Type: SEQUENCE SET; Schema: public; Owner: nikitabondar
--

SELECT pg_catalog.setval('public.auth_group_id_seq', 1, false);


--
-- Name: auth_group_permissions_id_seq; Type: SEQUENCE SET; Schema: public; Owner: nikitabondar
--

SELECT pg_catalog.setval('public.auth_group_permissions_id_seq', 1, false);


--
-- Name: auth_permission_id_seq; Type: SEQUENCE SET; Schema: public; Owner: nikitabondar
--

SELECT pg_catalog.setval('public.auth_permission_id_seq', 52, true);


--
-- Name: django_admin_log_id_seq; Type: SEQUENCE SET; Schema: public; Owner: nikitabondar
--

SELECT pg_catalog.setval('public.django_admin_log_id_seq', 78, true);


--
-- Name: django_apscheduler_djangojobexecution_id_seq; Type: SEQUENCE SET; Schema: public; Owner: nikitabondar
--

SELECT pg_catalog.setval('public.django_apscheduler_djangojobexecution_id_seq', 19941, true);


--
-- Name: django_content_type_id_seq; Type: SEQUENCE SET; Schema: public; Owner: nikitabondar
--

SELECT pg_catalog.setval('public.django_content_type_id_seq', 13, true);


--
-- Name: django_migrations_id_seq; Type: SEQUENCE SET; Schema: public; Owner: nikitabondar
--

SELECT pg_catalog.setval('public.django_migrations_id_seq', 33, true);


--
-- Name: locations_location_id_seq; Type: SEQUENCE SET; Schema: public; Owner: nikitabondar
--

SELECT pg_catalog.setval('public.locations_location_id_seq', 59, true);


--
-- Name: locations_locationtype_id_seq; Type: SEQUENCE SET; Schema: public; Owner: nikitabondar
--

SELECT pg_catalog.setval('public.locations_locationtype_id_seq', 8, true);


--
-- Name: locations_monitoringdata_id_seq; Type: SEQUENCE SET; Schema: public; Owner: nikitabondar
--

SELECT pg_catalog.setval('public.locations_monitoringdata_id_seq', 16, true);


--
-- Name: locations_notification_id_seq; Type: SEQUENCE SET; Schema: public; Owner: nikitabondar
--

SELECT pg_catalog.setval('public.locations_notification_id_seq', 29, true);


--
-- Name: locations_parameter_id_seq; Type: SEQUENCE SET; Schema: public; Owner: nikitabondar
--

SELECT pg_catalog.setval('public.locations_parameter_id_seq', 6, true);


--
-- Name: users_user_groups_id_seq; Type: SEQUENCE SET; Schema: public; Owner: nikitabondar
--

SELECT pg_catalog.setval('public.users_user_groups_id_seq', 1, false);


--
-- Name: users_user_id_seq; Type: SEQUENCE SET; Schema: public; Owner: nikitabondar
--

SELECT pg_catalog.setval('public.users_user_id_seq', 25, true);


--
-- Name: users_user_user_permissions_id_seq; Type: SEQUENCE SET; Schema: public; Owner: nikitabondar
--

SELECT pg_catalog.setval('public.users_user_user_permissions_id_seq', 1, false);


--
-- Name: auth_group auth_group_name_key; Type: CONSTRAINT; Schema: public; Owner: nikitabondar
--

ALTER TABLE ONLY public.auth_group
    ADD CONSTRAINT auth_group_name_key UNIQUE (name);


--
-- Name: auth_group_permissions auth_group_permissions_group_id_permission_id_0cd325b0_uniq; Type: CONSTRAINT; Schema: public; Owner: nikitabondar
--

ALTER TABLE ONLY public.auth_group_permissions
    ADD CONSTRAINT auth_group_permissions_group_id_permission_id_0cd325b0_uniq UNIQUE (group_id, permission_id);


--
-- Name: auth_group_permissions auth_group_permissions_pkey; Type: CONSTRAINT; Schema: public; Owner: nikitabondar
--

ALTER TABLE ONLY public.auth_group_permissions
    ADD CONSTRAINT auth_group_permissions_pkey PRIMARY KEY (id);


--
-- Name: auth_group auth_group_pkey; Type: CONSTRAINT; Schema: public; Owner: nikitabondar
--

ALTER TABLE ONLY public.auth_group
    ADD CONSTRAINT auth_group_pkey PRIMARY KEY (id);


--
-- Name: auth_permission auth_permission_content_type_id_codename_01ab375a_uniq; Type: CONSTRAINT; Schema: public; Owner: nikitabondar
--

ALTER TABLE ONLY public.auth_permission
    ADD CONSTRAINT auth_permission_content_type_id_codename_01ab375a_uniq UNIQUE (content_type_id, codename);


--
-- Name: auth_permission auth_permission_pkey; Type: CONSTRAINT; Schema: public; Owner: nikitabondar
--

ALTER TABLE ONLY public.auth_permission
    ADD CONSTRAINT auth_permission_pkey PRIMARY KEY (id);


--
-- Name: django_admin_log django_admin_log_pkey; Type: CONSTRAINT; Schema: public; Owner: nikitabondar
--

ALTER TABLE ONLY public.django_admin_log
    ADD CONSTRAINT django_admin_log_pkey PRIMARY KEY (id);


--
-- Name: django_apscheduler_djangojob django_apscheduler_djangojob_pkey; Type: CONSTRAINT; Schema: public; Owner: nikitabondar
--

ALTER TABLE ONLY public.django_apscheduler_djangojob
    ADD CONSTRAINT django_apscheduler_djangojob_pkey PRIMARY KEY (id);


--
-- Name: django_apscheduler_djangojobexecution django_apscheduler_djangojobexecution_pkey; Type: CONSTRAINT; Schema: public; Owner: nikitabondar
--

ALTER TABLE ONLY public.django_apscheduler_djangojobexecution
    ADD CONSTRAINT django_apscheduler_djangojobexecution_pkey PRIMARY KEY (id);


--
-- Name: django_content_type django_content_type_app_label_model_76bd3d3b_uniq; Type: CONSTRAINT; Schema: public; Owner: nikitabondar
--

ALTER TABLE ONLY public.django_content_type
    ADD CONSTRAINT django_content_type_app_label_model_76bd3d3b_uniq UNIQUE (app_label, model);


--
-- Name: django_content_type django_content_type_pkey; Type: CONSTRAINT; Schema: public; Owner: nikitabondar
--

ALTER TABLE ONLY public.django_content_type
    ADD CONSTRAINT django_content_type_pkey PRIMARY KEY (id);


--
-- Name: django_migrations django_migrations_pkey; Type: CONSTRAINT; Schema: public; Owner: nikitabondar
--

ALTER TABLE ONLY public.django_migrations
    ADD CONSTRAINT django_migrations_pkey PRIMARY KEY (id);


--
-- Name: django_session django_session_pkey; Type: CONSTRAINT; Schema: public; Owner: nikitabondar
--

ALTER TABLE ONLY public.django_session
    ADD CONSTRAINT django_session_pkey PRIMARY KEY (session_key);


--
-- Name: locations_location locations_location_pkey; Type: CONSTRAINT; Schema: public; Owner: nikitabondar
--

ALTER TABLE ONLY public.locations_location
    ADD CONSTRAINT locations_location_pkey PRIMARY KEY (id);


--
-- Name: locations_locationtype locations_locationtype_pkey; Type: CONSTRAINT; Schema: public; Owner: nikitabondar
--

ALTER TABLE ONLY public.locations_locationtype
    ADD CONSTRAINT locations_locationtype_pkey PRIMARY KEY (id);


--
-- Name: locations_monitoringdata locations_monitoringdata_pkey; Type: CONSTRAINT; Schema: public; Owner: nikitabondar
--

ALTER TABLE ONLY public.locations_monitoringdata
    ADD CONSTRAINT locations_monitoringdata_pkey PRIMARY KEY (id);


--
-- Name: locations_notification locations_notification_pkey; Type: CONSTRAINT; Schema: public; Owner: nikitabondar
--

ALTER TABLE ONLY public.locations_notification
    ADD CONSTRAINT locations_notification_pkey PRIMARY KEY (id);


--
-- Name: locations_parameter locations_parameter_pkey; Type: CONSTRAINT; Schema: public; Owner: nikitabondar
--

ALTER TABLE ONLY public.locations_parameter
    ADD CONSTRAINT locations_parameter_pkey PRIMARY KEY (id);


--
-- Name: django_apscheduler_djangojobexecution unique_job_executions; Type: CONSTRAINT; Schema: public; Owner: nikitabondar
--

ALTER TABLE ONLY public.django_apscheduler_djangojobexecution
    ADD CONSTRAINT unique_job_executions UNIQUE (job_id, run_time);


--
-- Name: users_user_groups users_user_groups_pkey; Type: CONSTRAINT; Schema: public; Owner: nikitabondar
--

ALTER TABLE ONLY public.users_user_groups
    ADD CONSTRAINT users_user_groups_pkey PRIMARY KEY (id);


--
-- Name: users_user_groups users_user_groups_user_id_group_id_b88eab82_uniq; Type: CONSTRAINT; Schema: public; Owner: nikitabondar
--

ALTER TABLE ONLY public.users_user_groups
    ADD CONSTRAINT users_user_groups_user_id_group_id_b88eab82_uniq UNIQUE (user_id, group_id);


--
-- Name: users_user users_user_pkey; Type: CONSTRAINT; Schema: public; Owner: nikitabondar
--

ALTER TABLE ONLY public.users_user
    ADD CONSTRAINT users_user_pkey PRIMARY KEY (id);


--
-- Name: users_user_user_permissions users_user_user_permissions_pkey; Type: CONSTRAINT; Schema: public; Owner: nikitabondar
--

ALTER TABLE ONLY public.users_user_user_permissions
    ADD CONSTRAINT users_user_user_permissions_pkey PRIMARY KEY (id);


--
-- Name: users_user_user_permissions users_user_user_permissions_user_id_permission_id_43338c45_uniq; Type: CONSTRAINT; Schema: public; Owner: nikitabondar
--

ALTER TABLE ONLY public.users_user_user_permissions
    ADD CONSTRAINT users_user_user_permissions_user_id_permission_id_43338c45_uniq UNIQUE (user_id, permission_id);


--
-- Name: users_user users_user_username_key; Type: CONSTRAINT; Schema: public; Owner: nikitabondar
--

ALTER TABLE ONLY public.users_user
    ADD CONSTRAINT users_user_username_key UNIQUE (username);


--
-- Name: auth_group_name_a6ea08ec_like; Type: INDEX; Schema: public; Owner: nikitabondar
--

CREATE INDEX auth_group_name_a6ea08ec_like ON public.auth_group USING btree (name varchar_pattern_ops);


--
-- Name: auth_group_permissions_group_id_b120cbf9; Type: INDEX; Schema: public; Owner: nikitabondar
--

CREATE INDEX auth_group_permissions_group_id_b120cbf9 ON public.auth_group_permissions USING btree (group_id);


--
-- Name: auth_group_permissions_permission_id_84c5c92e; Type: INDEX; Schema: public; Owner: nikitabondar
--

CREATE INDEX auth_group_permissions_permission_id_84c5c92e ON public.auth_group_permissions USING btree (permission_id);


--
-- Name: auth_permission_content_type_id_2f476e4b; Type: INDEX; Schema: public; Owner: nikitabondar
--

CREATE INDEX auth_permission_content_type_id_2f476e4b ON public.auth_permission USING btree (content_type_id);


--
-- Name: django_admin_log_content_type_id_c4bce8eb; Type: INDEX; Schema: public; Owner: nikitabondar
--

CREATE INDEX django_admin_log_content_type_id_c4bce8eb ON public.django_admin_log USING btree (content_type_id);


--
-- Name: django_admin_log_user_id_c564eba6; Type: INDEX; Schema: public; Owner: nikitabondar
--

CREATE INDEX django_admin_log_user_id_c564eba6 ON public.django_admin_log USING btree (user_id);


--
-- Name: django_apscheduler_djangojob_next_run_time_2f022619; Type: INDEX; Schema: public; Owner: nikitabondar
--

CREATE INDEX django_apscheduler_djangojob_next_run_time_2f022619 ON public.django_apscheduler_djangojob USING btree (next_run_time);


--
-- Name: django_apscheduler_djangojobexecution_job_id_daf5090a; Type: INDEX; Schema: public; Owner: nikitabondar
--

CREATE INDEX django_apscheduler_djangojobexecution_job_id_daf5090a ON public.django_apscheduler_djangojobexecution USING btree (job_id);


--
-- Name: django_apscheduler_djangojobexecution_run_time_16edd96b; Type: INDEX; Schema: public; Owner: nikitabondar
--

CREATE INDEX django_apscheduler_djangojobexecution_run_time_16edd96b ON public.django_apscheduler_djangojobexecution USING btree (run_time);


--
-- Name: django_session_expire_date_a5c62663; Type: INDEX; Schema: public; Owner: nikitabondar
--

CREATE INDEX django_session_expire_date_a5c62663 ON public.django_session USING btree (expire_date);


--
-- Name: django_session_session_key_c0390e0f_like; Type: INDEX; Schema: public; Owner: nikitabondar
--

CREATE INDEX django_session_session_key_c0390e0f_like ON public.django_session USING btree (session_key varchar_pattern_ops);


--
-- Name: locations_location_location_type_id_6f9252c1; Type: INDEX; Schema: public; Owner: nikitabondar
--

CREATE INDEX locations_location_location_type_id_6f9252c1 ON public.locations_location USING btree (location_type_id);


--
-- Name: locations_location_user_id_cd2ca905; Type: INDEX; Schema: public; Owner: nikitabondar
--

CREATE INDEX locations_location_user_id_cd2ca905 ON public.locations_location USING btree (user_id);


--
-- Name: locations_monitoringdata_location_id_98fbe525; Type: INDEX; Schema: public; Owner: nikitabondar
--

CREATE INDEX locations_monitoringdata_location_id_98fbe525 ON public.locations_monitoringdata USING btree (location_id);


--
-- Name: locations_monitoringdata_parameter_id_aea65b6c; Type: INDEX; Schema: public; Owner: nikitabondar
--

CREATE INDEX locations_monitoringdata_parameter_id_aea65b6c ON public.locations_monitoringdata USING btree (parameter_id);


--
-- Name: locations_notification_location_id_4909a676; Type: INDEX; Schema: public; Owner: nikitabondar
--

CREATE INDEX locations_notification_location_id_4909a676 ON public.locations_notification USING btree (location_id);


--
-- Name: users_user_groups_group_id_9afc8d0e; Type: INDEX; Schema: public; Owner: nikitabondar
--

CREATE INDEX users_user_groups_group_id_9afc8d0e ON public.users_user_groups USING btree (group_id);


--
-- Name: users_user_groups_user_id_5f6f5a90; Type: INDEX; Schema: public; Owner: nikitabondar
--

CREATE INDEX users_user_groups_user_id_5f6f5a90 ON public.users_user_groups USING btree (user_id);


--
-- Name: users_user_user_permissions_permission_id_0b93982e; Type: INDEX; Schema: public; Owner: nikitabondar
--

CREATE INDEX users_user_user_permissions_permission_id_0b93982e ON public.users_user_user_permissions USING btree (permission_id);


--
-- Name: users_user_user_permissions_user_id_20aca447; Type: INDEX; Schema: public; Owner: nikitabondar
--

CREATE INDEX users_user_user_permissions_user_id_20aca447 ON public.users_user_user_permissions USING btree (user_id);


--
-- Name: users_user_username_06e46fe6_like; Type: INDEX; Schema: public; Owner: nikitabondar
--

CREATE INDEX users_user_username_06e46fe6_like ON public.users_user USING btree (username varchar_pattern_ops);


--
-- Name: auth_group_permissions auth_group_permissio_permission_id_84c5c92e_fk_auth_perm; Type: FK CONSTRAINT; Schema: public; Owner: nikitabondar
--

ALTER TABLE ONLY public.auth_group_permissions
    ADD CONSTRAINT auth_group_permissio_permission_id_84c5c92e_fk_auth_perm FOREIGN KEY (permission_id) REFERENCES public.auth_permission(id) DEFERRABLE INITIALLY DEFERRED;


--
-- Name: auth_group_permissions auth_group_permissions_group_id_b120cbf9_fk_auth_group_id; Type: FK CONSTRAINT; Schema: public; Owner: nikitabondar
--

ALTER TABLE ONLY public.auth_group_permissions
    ADD CONSTRAINT auth_group_permissions_group_id_b120cbf9_fk_auth_group_id FOREIGN KEY (group_id) REFERENCES public.auth_group(id) DEFERRABLE INITIALLY DEFERRED;


--
-- Name: auth_permission auth_permission_content_type_id_2f476e4b_fk_django_co; Type: FK CONSTRAINT; Schema: public; Owner: nikitabondar
--

ALTER TABLE ONLY public.auth_permission
    ADD CONSTRAINT auth_permission_content_type_id_2f476e4b_fk_django_co FOREIGN KEY (content_type_id) REFERENCES public.django_content_type(id) DEFERRABLE INITIALLY DEFERRED;


--
-- Name: django_admin_log django_admin_log_content_type_id_c4bce8eb_fk_django_co; Type: FK CONSTRAINT; Schema: public; Owner: nikitabondar
--

ALTER TABLE ONLY public.django_admin_log
    ADD CONSTRAINT django_admin_log_content_type_id_c4bce8eb_fk_django_co FOREIGN KEY (content_type_id) REFERENCES public.django_content_type(id) DEFERRABLE INITIALLY DEFERRED;


--
-- Name: django_admin_log django_admin_log_user_id_c564eba6_fk_users_user_id; Type: FK CONSTRAINT; Schema: public; Owner: nikitabondar
--

ALTER TABLE ONLY public.django_admin_log
    ADD CONSTRAINT django_admin_log_user_id_c564eba6_fk_users_user_id FOREIGN KEY (user_id) REFERENCES public.users_user(id) DEFERRABLE INITIALLY DEFERRED;


--
-- Name: django_apscheduler_djangojobexecution django_apscheduler_djangojobexecution_job_id_daf5090a_fk; Type: FK CONSTRAINT; Schema: public; Owner: nikitabondar
--

ALTER TABLE ONLY public.django_apscheduler_djangojobexecution
    ADD CONSTRAINT django_apscheduler_djangojobexecution_job_id_daf5090a_fk FOREIGN KEY (job_id) REFERENCES public.django_apscheduler_djangojob(id) DEFERRABLE INITIALLY DEFERRED;


--
-- Name: locations_location locations_location_location_type_id_6f9252c1_fk_locations; Type: FK CONSTRAINT; Schema: public; Owner: nikitabondar
--

ALTER TABLE ONLY public.locations_location
    ADD CONSTRAINT locations_location_location_type_id_6f9252c1_fk_locations FOREIGN KEY (location_type_id) REFERENCES public.locations_locationtype(id) DEFERRABLE INITIALLY DEFERRED;


--
-- Name: locations_location locations_location_user_id_cd2ca905_fk_users_user_id; Type: FK CONSTRAINT; Schema: public; Owner: nikitabondar
--

ALTER TABLE ONLY public.locations_location
    ADD CONSTRAINT locations_location_user_id_cd2ca905_fk_users_user_id FOREIGN KEY (user_id) REFERENCES public.users_user(id) DEFERRABLE INITIALLY DEFERRED;


--
-- Name: locations_monitoringdata locations_monitoring_location_id_98fbe525_fk_locations; Type: FK CONSTRAINT; Schema: public; Owner: nikitabondar
--

ALTER TABLE ONLY public.locations_monitoringdata
    ADD CONSTRAINT locations_monitoring_location_id_98fbe525_fk_locations FOREIGN KEY (location_id) REFERENCES public.locations_location(id) DEFERRABLE INITIALLY DEFERRED;


--
-- Name: locations_monitoringdata locations_monitoring_parameter_id_aea65b6c_fk_locations; Type: FK CONSTRAINT; Schema: public; Owner: nikitabondar
--

ALTER TABLE ONLY public.locations_monitoringdata
    ADD CONSTRAINT locations_monitoring_parameter_id_aea65b6c_fk_locations FOREIGN KEY (parameter_id) REFERENCES public.locations_parameter(id) DEFERRABLE INITIALLY DEFERRED;


--
-- Name: locations_notification locations_notificati_location_id_4909a676_fk_locations; Type: FK CONSTRAINT; Schema: public; Owner: nikitabondar
--

ALTER TABLE ONLY public.locations_notification
    ADD CONSTRAINT locations_notificati_location_id_4909a676_fk_locations FOREIGN KEY (location_id) REFERENCES public.locations_location(id) DEFERRABLE INITIALLY DEFERRED;


--
-- Name: users_user_groups users_user_groups_group_id_9afc8d0e_fk_auth_group_id; Type: FK CONSTRAINT; Schema: public; Owner: nikitabondar
--

ALTER TABLE ONLY public.users_user_groups
    ADD CONSTRAINT users_user_groups_group_id_9afc8d0e_fk_auth_group_id FOREIGN KEY (group_id) REFERENCES public.auth_group(id) DEFERRABLE INITIALLY DEFERRED;


--
-- Name: users_user_groups users_user_groups_user_id_5f6f5a90_fk_users_user_id; Type: FK CONSTRAINT; Schema: public; Owner: nikitabondar
--

ALTER TABLE ONLY public.users_user_groups
    ADD CONSTRAINT users_user_groups_user_id_5f6f5a90_fk_users_user_id FOREIGN KEY (user_id) REFERENCES public.users_user(id) DEFERRABLE INITIALLY DEFERRED;


--
-- Name: users_user_user_permissions users_user_user_perm_permission_id_0b93982e_fk_auth_perm; Type: FK CONSTRAINT; Schema: public; Owner: nikitabondar
--

ALTER TABLE ONLY public.users_user_user_permissions
    ADD CONSTRAINT users_user_user_perm_permission_id_0b93982e_fk_auth_perm FOREIGN KEY (permission_id) REFERENCES public.auth_permission(id) DEFERRABLE INITIALLY DEFERRED;


--
-- Name: users_user_user_permissions users_user_user_permissions_user_id_20aca447_fk_users_user_id; Type: FK CONSTRAINT; Schema: public; Owner: nikitabondar
--

ALTER TABLE ONLY public.users_user_user_permissions
    ADD CONSTRAINT users_user_user_permissions_user_id_20aca447_fk_users_user_id FOREIGN KEY (user_id) REFERENCES public.users_user(id) DEFERRABLE INITIALLY DEFERRED;


--
-- PostgreSQL database dump complete
--

